time,number_of_objects,,,,,,
3/14/2022 00:00,8,,,,,,
3/14/2022 12:00,8,,,,,,
3/14/2022 22:00,8,,,,,,
3/16/2022 09:00,16,,,,,,
3/19/2022 12:00,15,,,,,,
3/21/2022 11:00,8,,,,,,
3/24/2022 10:00,8,,,,,,
3/27/2022 14:00,8,,,,,,
3/30/2022 07:00,8,,,,,,
6/18/2022 20:00,27,,,,,,
6/19/2022 00:00,8,,,,,,
6/19/2022 03:00,15,,,,,,
6/19/2022 16:00,66,,,,,,
6/19/2022 21:00,8,,,,,,
6/20/2022 04:00,7,,,,,,
6/20/2022 20:00,9,,,,,,
6/21/2022 18:00,11,,,,,,
6/22/2022 19:00,16,,,,,,
6/23/2022 22:00,14,,,,,,
6/24/2022 03:00,1,,,,,,
6/24/2022 05:00,8,,,,,,
6/24/2022 15:00,8,,,,,,
6/24/2022 19:00,8,,,,,,
6/25/2022 21:00,5,,,,,,
6/25/2022 23:00,4,,,,,,
6/26/2022 19:00,24,,,,,,
6/26/2022 22:00,1,,,,,,
6/27/2022 00:00,5,,,,,,
6/27/2022 05:00,32,,,,,,
6/27/2022 10:00,32,,,,,,
6/27/2022 11:00,8,,,,,,
6/27/2022 12:00,56,,,,,,
6/27/2022 13:00,19,,,,,,
6/27/2022 14:00,378,,,,,,
6/27/2022 15:00,17,,,,,,
6/27/2022 18:00,6,,,,,,
6/27/2022 19:00,30,,,,,,
6/27/2022 20:00,15,,,,,,
6/27/2022 22:00,6,,,,,,
6/27/2022 23:00,8,,,,,,
6/28/2022 05:00,15,,,,,,
6/28/2022 21:00,3,,,,,,
6/29/2022 01:00,2,,,,,,
6/29/2022 04:00,7,,,,,,
6/29/2022 20:00,1,,,,,,
6/30/2022 22:00,9,,,,,,
6/30/2022 23:00,2,,,,,,
7/1/2022 06:00,5,,,,,,
7/1/2022 12:00,8,,,,,,
7/1/2022 23:00,4,,,,,,
7/2/2022 22:00,1,,,,,,
7/3/2022 01:00,3,,,,,,
7/3/2022 02:00,8,,,,,,
7/3/2022 04:00,15,,,,,,
7/3/2022 05:00,2,,,,,,
7/5/2022 02:00,8,,,,,,
7/5/2022 21:00,7,,,,,,
7/6/2022 13:00,7,,,,,,
7/6/2022 16:00,26,,,,,,
7/6/2022 17:00,191,,,,,,
7/6/2022 18:00,28,,,,,,
7/6/2022 21:00,8,,,,,,
7/7/2022 07:00,16,,,,,,
7/7/2022 18:00,211,,,,,,
7/7/2022 23:00,45,,,,,,
7/8/2022 03:00,15,,,,,,
7/9/2022 19:00,8,,,,,,
7/9/2022 20:00,14,,,,,,
7/10/2022 21:00,2,,,,,,
7/10/2022 22:00,2,,,,,,
7/11/2022 00:00,3,,,,,,
7/11/2022 02:00,13,,,,,,
7/11/2022 03:00,1,,,,,,
7/11/2022 20:00,31,,,,,,
7/11/2022 21:00,4,,,,,,
7/11/2022 22:00,3,,,,,,
7/11/2022 23:00,2,,,,,,
7/12/2022 20:00,8,,,,,,
7/13/2022 03:00,1,,,,,,
7/13/2022 19:00,24,,,,,,
7/13/2022 21:00,29,,,,,,
7/13/2022 22:00,14,,,,,,
7/14/2022 01:00,8,,,,,,
7/14/2022 21:00,8,,,,,,
7/14/2022 23:00,18,,,,,,
7/15/2022 03:00,1,,,,,,
7/15/2022 16:00,5,,,,,,
7/15/2022 23:00,8,,,,,,
7/16/2022 00:00,16,,,,,,
7/16/2022 02:00,4,,,,,,
7/16/2022 20:00,8,,,,,,
7/17/2022 00:00,5,,,,,,
7/17/2022 02:00,16,,,,,,
7/17/2022 03:00,16,,,,,,
7/18/2022 00:00,7,,,,,,
7/18/2022 04:00,8,,,,,,
7/19/2022 04:00,8,,,,,,
7/19/2022 06:00,8,,,,,,
7/19/2022 17:00,27,,,,,,
7/20/2022 20:00,47,,,,,,
7/22/2022 01:00,7,,,,,,
7/22/2022 22:00,7,,,,,,
7/23/2022 03:00,8,,,,,,
7/23/2022 21:00,8,,,,,,
7/23/2022 23:00,8,,,,,,
7/24/2022 05:00,7,,,,,,
7/24/2022 08:00,31,,,,,,
7/25/2022 03:00,2,,,,,,
7/25/2022 14:00,8,,,,,,
7/25/2022 15:00,16,,,,,,
7/25/2022 21:00,8,,,,,,
7/26/2022 07:00,47,,,,,,
7/26/2022 20:00,8,,,,,,
7/26/2022 21:00,3,,,,,,
7/27/2022 04:00,4,,,,,,
7/27/2022 21:00,7,,,,,,
7/28/2022 07:00,57,,,,,,
7/28/2022 20:00,24,,,,,,
7/28/2022 21:00,6,,,,,,
7/29/2022 04:00,8,,,,,,
7/29/2022 05:00,8,,,,,,
7/29/2022 07:00,24,,,,,,
7/29/2022 22:00,8,,,,,,
7/29/2022 23:00,4,,,,,,
7/30/2022 05:00,3,,,,,,
7/30/2022 17:00,8,,,,,,
7/31/2022 21:00,8,,,,,,
8/1/2022 02:00,4,,,,,,
8/1/2022 16:00,8,,,,,,
8/2/2022 14:00,76,,,,,,
8/2/2022 15:00,14,,,,,,
8/2/2022 16:00,17,,,,,,
8/3/2022 12:00,32,,,,,,
8/3/2022 21:00,6,,,,,,
8/3/2022 23:00,8,,,,,,
8/4/2022 06:00,8,,,,,,
8/4/2022 07:00,8,,,,,,
8/4/2022 11:00,8,,,,,,
8/4/2022 21:00,8,,,,,,
8/5/2022 01:00,8,,,,,,
8/5/2022 06:00,8,,,,,,
8/5/2022 19:00,7,,,,,,
8/6/2022 03:00,5,,,,,,
8/6/2022 06:00,8,,,,,,
8/6/2022 22:00,8,,,,,,
8/7/2022 01:00,8,,,,,,
8/7/2022 05:00,8,,,,,,
8/8/2022 00:00,8,,,,,,
8/8/2022 03:00,8,,,,,,
8/8/2022 07:00,8,,,,,,
8/8/2022 08:00,8,,,,,,
8/8/2022 17:00,8,,,,,,
8/9/2022 16:00,8,,,,,,
8/9/2022 22:00,7,,,,,,
8/10/2022 16:00,4,,,,,,
8/10/2022 22:00,8,,,,,,
8/11/2022 20:00,8,,,,,,
8/11/2022 23:00,8,,,,,,
8/12/2022 04:00,8,,,,,,
8/12/2022 07:00,8,,,,,,
8/12/2022 21:00,8,,,,,,
8/12/2022 23:00,6,,,,,,
8/13/2022 00:00,8,,,,,,
8/13/2022 22:00,14,,,,,,
8/14/2022 03:00,8,,,,,,
8/15/2022 00:00,6,,,,,,
8/15/2022 04:00,8,,,,,,
8/17/2022 07:00,8,,,,,,
8/17/2022 09:00,8,,,,,,
8/17/2022 20:00,8,,,,,,
8/18/2022 08:00,8,,,,,,
8/18/2022 16:00,6,,,,,,
12/23/2022 23:00,2,,,,,,
12/24/2022 00:00,3,,,,,,
12/24/2022 01:00,3,,,,,,
12/24/2022 02:00,10,,,,,,
12/24/2022 03:00,2,,,,,,
12/24/2022 04:00,3,,,,,,
12/24/2022 05:00,1,,,,,,
12/24/2022 06:00,1,,,,,,
12/24/2022 07:00,1,,,,,,
